Workbook

Sheet INPUT
A1: 항목 | B1: 입력값 | J1: [입력값 리스트]
A2: 시설구분 | B2: 돌봄센터 | C2: 선택
A3: 형태 | B3: 일자 | C3: 선택 | J3: 돌봄센터 | K3: 일자 | L3: C | M3: C
A4: 공간 W (가로, mm) | B4: 3000 | C4: 수치입력 | J4: 시니어클럽 | K4: ㄱ자 | L4: L | M4: L
A5: 공간 D (세로, mm) | B5: 690 | C5: 수치입력 | J5: 어린이집 | K5: ㄷ자 | L5: R | M5: R
A6: 공간 H (높이, mm) | B6: 800 | C6: 수치입력 | J6: 용역원실 | L6: X | M6: L/R
A7: 분배기 위치 | B7: C | C7: 선택 | J7: 탕비실 | M7: X
A8: 수도 위치 | B8: C | C8: 선택
A9: 가스배관 위치 | B9: C | C9: 선택
A10: 전기 위치 | B10: L/R | C10: 선택

Sheet DB
A1: key | B1: 시설구분 | C1: 형태 | D1: 공간W (가로) | E1: 공간D (세로) | F1: 공간H (높이) | G1: 분배기 위치 | H1: 수도 위치 | I1: 가스배관 위치 | J1: 전기 위치 | K1: 싱크볼장W | L1: 하부 D (mm) | M1: 상부 D (mm) | N1: 출처 | O1: 방염 | P1: 대리석 모델 (롯데스타론) | Q1: 분배기 | R1: 하부 따내기 | S1: 가스 타공 | T1: 이동 선반 | U1: 냉장고/동선 | V1: Score | W1: MatchScore | X1: MatchScoreN
A2: =B2&"_"&N2&"_"&C2&D2&E2&F2&G2&H2&I2&J2&K2&L2&M2 -> 돌봄센터_음성 푸르지오_일자328034952700CCRC900700320 | B2: 돌봄센터 | C2: 일자 | D2: 3280 | E2: 3495 | F2: 2700 | G2: C | H2: C | I2: R | J2: C | K2: 900 | L2: 700 | M2: 320 | N2: 음성 푸르지오 | O2: O | P2: 지정 모델 | Q2: O | R2: O | S2: O | T2: X | U2: 공간/동선 최적화 | V2: =IF(OR(INPUT!$B$2="",INPUT!$B$3="",INPUT!$B$4="",INPUT!$B$5="",INPUT!$B$6=""),"",(30*IF(TRIM(INPUT!$B$2)=TRIM(B2),1,0)+20*IF(TRIM(INPUT!$B$3)=TRIM(C2),1,0)+25*MAX(0,1-((ABS(IFERROR(VALUE(TRIM(D2)),0)-IFERROR(VALUE(TRIM(INPUT!$B$4)),0))/MAX(1,IFERROR(VALUE(TRIM(INPUT!$B$4)),0))+ABS(IFERROR(VALUE(TRIM(E2)),0)-IFERROR(VALUE(TRIM(INPUT!$B$5)),0))/MAX(1,IFERROR(VALUE(TRIM(INPUT!$B$5)),0))+ABS(IFERROR(VALUE(TRIM(F2)),0)-IFERROR(VALUE(TRIM(INPUT!$B$6)),0))/MAX(1,IFERROR(VALUE(TRIM(INPUT!$B$6)),0)))/3))+25*((IF(TRIM(INPUT!$B$7)=TRIM(G2),1,0)+IF(TRIM(INPUT!$B$8)=TRIM(H2),1,0)+IF(TRIM(INPUT!$B$9)=TRIM(I2),1,0)+IF(OR(TRIM(INPUT!$B$10)=TRIM(J2),AND(TRIM(INPUT!$B$10)="L/R",OR(TRIM(J2)="L",TRIM(J2)="R",TRIM(J2)="L/R"))),1,0))/4))) -> 62.5 | W2: =IF(V2="","",IF(AND(TRIM(B2)=TRIM(INPUT!$B$2),TRIM(C2)=TRIM(INPUT!$B$3)),V2,V2*0.4)) -> 62.5 | X2: =IFERROR(W2*1,0) -> 62.5
A3: =B3&"_"&N3&"_"&C3&D3&E3&F3&G3&H3&I3&J3&K3&L3&M3 -> 돌봄센터_김해구산 푸르지오_일자2745600690XCXC900610320 | B3: 돌봄센터 | C3: 일자 | D3: 2745 | E3: 600 | F3: 690 | G3: X | H3: C | I3: X | J3: C | K3: 900 | L3: 610 | M3: 320 | N3: 김해구산 푸르지오 | O3: O | P3: 페블문 | Q3: X | R3: X | S3: X | T3: O | U3: 공간/동선 최적화 | V3: =IF(OR(INPUT!$B$2="",INPUT!$B$3="",INPUT!$B$4="",INPUT!$B$5="",INPUT!$B$6=""),"",(30*IF(TRIM(INPUT!$B$2)=TRIM(B3),1,0)+20*IF(TRIM(INPUT!$B$3)=TRIM(C3),1,0)+25*MAX(0,1-((ABS(IFERROR(VALUE(TRIM(D3)),0)-IFERROR(VALUE(TRIM(INPUT!$B$4)),0))/MAX(1,IFERROR(VALUE(TRIM(INPUT!$B$4)),0))+ABS(IFERROR(VALUE(TRIM(E3)),0)-IFERROR(VALUE(TRIM(INPUT!$B$5)),0))/MAX(1,IFERROR(VALUE(TRIM(INPUT!$B$5)),0))+ABS(IFERROR(VALUE(TRIM(F3)),0)-IFERROR(VALUE(TRIM(INPUT!$B$6)),0))/MAX(1,IFERROR(VALUE(TRIM(INPUT!$B$6)),0)))/3))+25*((IF(TRIM(INPUT!$B$7)=TRIM(G3),1,0)+IF(TRIM(INPUT!$B$8)=TRIM(H3),1,0)+IF(TRIM(INPUT!$B$9)=TRIM(I3),1,0)+IF(OR(TRIM(INPUT!$B$10)=TRIM(J3),AND(TRIM(INPUT!$B$10)="L/R",OR(TRIM(J3)="L",TRIM(J3)="R",TRIM(J3)="L/R"))),1,0))/4))) -> 78.308877 | W3: =IF(V3="","",IF(AND(TRIM(B3)=TRIM(INPUT!$B$2),TRIM(C3)=TRIM(INPUT!$B$3)),V3,V3*0.4)) -> 78.308877 | X3: =IFERROR(W3*1,0) -> 78.308877
A4: =B4&"_"&N4&"_"&C4&D4&E4&F4&G4&H4&I4&J4&K4&L4&M4 -> 돌봄센터_다산 진건_일자32106902420CCXC900600320 | B4: 돌봄센터 | C4: 일자 | D4: 3210 | E4: 690 | F4: 2420 | G4: C | H4: C | I4: X | J4: C | K4: 900 | L4: 600 | M4: 320 | N4: 다산 진건 | O4: O | P4: 지정 모델 | Q4: O | R4: X | S4: X | T4: X | U4: 공간/동선 최적화 | V4: =IF(OR(INPUT!$B$2="",INPUT!$B$3="",INPUT!$B$4="",INPUT!$B$5="",INPUT!$B$6=""),"",(30*IF(TRIM(INPUT!$B$2)=TRIM(B4),1,0)+20*IF(TRIM(INPUT!$B$3)=TRIM(C4),1,0)+25*MAX(0,1-((ABS(IFERROR(VALUE(TRIM(D4)),0)-IFERROR(VALUE(TRIM(INPUT!$B$4)),0))/MAX(1,IFERROR(VALUE(TRIM(INPUT!$B$4)),0))+ABS(IFERROR(VALUE(TRIM(E4)),0)-IFERROR(VALUE(TRIM(INPUT!$B$5)),0))/MAX(1,IFERROR(VALUE(TRIM(INPUT!$B$5)),0))+ABS(IFERROR(VALUE(TRIM(F4)),0)-IFERROR(VALUE(TRIM(INPUT!$B$6)),0))/MAX(1,IFERROR(VALUE(TRIM(INPUT!$B$6)),0)))/3))+25*((IF(TRIM(INPUT!$B$7)=TRIM(G4),1,0)+IF(TRIM(INPUT!$B$8)=TRIM(H4),1,0)+IF(TRIM(INPUT!$B$9)=TRIM(I4),1,0)+IF(OR(TRIM(INPUT!$B$10)=TRIM(J4),AND(TRIM(INPUT!$B$10)="L/R",OR(TRIM(J4)="L",TRIM(J4)="R",TRIM(J4)="L/R"))),1,0))/4))) -> 70.041667 | W4: =IF(V4="","",IF(AND(TRIM(B4)=TRIM(INPUT!$B$2),TRIM(C4)=TRIM(INPUT!$B$3)),V4,V4*0.4)) -> 70.041667 | X4: =IFERROR(W4*1,0) -> 70.041667
A5: =B5&"_"&N5&"_"&C5&D5&E5&F5&G5&H5&I5&J5&K5&L5&M5 -> 돌봄센터_에코델타시티_일자30056002420CCRC900600320 | B5: 돌봄센터 | C5: 일자 | D5: 3005 | E5: 600 | F5: 2420 | G5: C | H5: C | I5: R | J5: C | K5: 900 | L5: 600 | M5: 320 | N5: 에코델타시티 | O5: O | P5: 비아테라 | Q5: O | R5: X | S5: O | T5: X | U5: 공간/동선 최적화 | V5: =IF(OR(INPUT!$B$2="",INPUT!$B$3="",INPUT!$B$4="",INPUT!$B$5="",INPUT!$B$6=""),"",(30*IF(TRIM(INPUT!$B$2)=TRIM(B5),1,0)+20*IF(TRIM(INPUT!$B$3)=TRIM(C5),1,0)+25*MAX(0,1-((ABS(IFERROR(VALUE(TRIM(D5)),0)-IFERROR(VALUE(TRIM(INPUT!$B$4)),0))/MAX(1,IFERROR(VALUE(TRIM(INPUT!$B$4)),0))+ABS(IFERROR(VALUE(TRIM(E5)),0)-IFERROR(VALUE(TRIM(INPUT!$B$5)),0))/MAX(1,IFERROR(VALUE(TRIM(INPUT!$B$5)),0))+ABS(IFERROR(VALUE(TRIM(F5)),0)-IFERROR(VALUE(TRIM(INPUT!$B$6)),0))/MAX(1,IFERROR(VALUE(TRIM(INPUT!$B$6)),0)))/3))+25*((IF(TRIM(INPUT!$B$7)=TRIM(G5),1,0)+IF(TRIM(INPUT!$B$8)=TRIM(H5),1,0)+IF(TRIM(INPUT!$B$9)=TRIM(I5),1,0)+IF(OR(TRIM(INPUT!$B$10)=TRIM(J5),AND(TRIM(INPUT!$B$10)="L/R",OR(TRIM(J5)="L",TRIM(J5)="R",TRIM(J5)="L/R"))),1,0))/4))) -> 69.524155 | W5: =IF(V5="","",IF(AND(TRIM(B5)=TRIM(INPUT!$B$2),TRIM(C5)=TRIM(INPUT!$B$3)),V5,V5*0.4)) -> 69.524155 | X5: =IFERROR(W5*1,0) -> 69.524155
A6: =B6&"_"&N6&"_"&C6&D6&E6&F6&G6&H6&I6&J6&K6&L6&M6 -> 돌봄센터_음성 푸르지오_일자30407102700CCXC1050710320 | B6: 돌봄센터 | C6: 일자 | D6: 3040 | E6: 710 | F6: 2700 | G6: C | H6: C | I6: X | J6: C | K6: 1050 | L6: 710 | M6: 320 | N6: 음성 푸르지오 | O6: O | P6: 지정 모델 | Q6: O | R6: O | S6: X | T6: X | U6: 설비/빌트인 연계 | V6: =IF(OR(INPUT!$B$2="",INPUT!$B$3="",INPUT!$B$4="",INPUT!$B$5="",INPUT!$B$6=""),"",(30*IF(TRIM(INPUT!$B$2)=TRIM(B6),1,0)+20*IF(TRIM(INPUT!$B$3)=TRIM(C6),1,0)+25*MAX(0,1-((ABS(IFERROR(VALUE(TRIM(D6)),0)-IFERROR(VALUE(TRIM(INPUT!$B$4)),0))/MAX(1,IFERROR(VALUE(TRIM(INPUT!$B$4)),0))+ABS(IFERROR(VALUE(TRIM(E6)),0)-IFERROR(VALUE(TRIM(INPUT!$B$5)),0))/MAX(1,IFERROR(VALUE(TRIM(INPUT!$B$5)),0))+ABS(IFERROR(VALUE(TRIM(F6)),0)-IFERROR(VALUE(TRIM(INPUT!$B$6)),0))/MAX(1,IFERROR(VALUE(TRIM(INPUT!$B$6)),0)))/3))+25*((IF(TRIM(INPUT!$B$7)=TRIM(G6),1,0)+IF(TRIM(INPUT!$B$8)=TRIM(H6),1,0)+IF(TRIM(INPUT!$B$9)=TRIM(I6),1,0)+IF(OR(TRIM(INPUT!$B$10)=TRIM(J6),AND(TRIM(INPUT!$B$10)="L/R",OR(TRIM(J6)="L",TRIM(J6)="R",TRIM(J6)="L/R"))),1,0))/4))) -> 67.355676 | W6: =IF(V6="","",IF(AND(TRIM(B6)=TRIM(INPUT!$B$2),TRIM(C6)=TRIM(INPUT!$B$3)),V6,V6*0.4)) -> 67.355676 | X6: =IFERROR(W6*1,0) -> 67.355676
A7: =B7&"_"&N7&"_"&C7&D7&E7&F7&G7&H7&I7&J7&K7&L7&M7 -> 시니어클럽_구미 푸르지오_ㄷ자350026702720CCRR1060700320 | B7: 시니어클럽 | C7: ㄷ자 | D7: 3500 | E7: 2670 | F7: 2720 | G7: C | H7: C | I7: R | J7: R | K7: 1060 | L7: 700 | M7: 320 | N7: 구미 푸르지오 | O7: O | P7: 지정 모델 | Q7: O | R7: O | S7: O | T7: X | U7: 공간/동선 최적화 | V7: =IF(OR(INPUT!$B$2="",INPUT!$B$3="",INPUT!$B$4="",INPUT!$B$5="",INPUT!$B$6=""),"",(30*IF(TRIM(INPUT!$B$2)=TRIM(B7),1,0)+20*IF(TRIM(INPUT!$B$3)=TRIM(C7),1,0)+25*MAX(0,1-((ABS(IFERROR(VALUE(TRIM(D7)),0)-IFERROR(VALUE(TRIM(INPUT!$B$4)),0))/MAX(1,IFERROR(VALUE(TRIM(INPUT!$B$4)),0))+ABS(IFERROR(VALUE(TRIM(E7)),0)-IFERROR(VALUE(TRIM(INPUT!$B$5)),0))/MAX(1,IFERROR(VALUE(TRIM(INPUT!$B$5)),0))+ABS(IFERROR(VALUE(TRIM(F7)),0)-IFERROR(VALUE(TRIM(INPUT!$B$6)),0))/MAX(1,IFERROR(VALUE(TRIM(INPUT!$B$6)),0)))/3))+25*((IF(TRIM(INPUT!$B$7)=TRIM(G7),1,0)+IF(TRIM(INPUT!$B$8)=TRIM(H7),1,0)+IF(TRIM(INPUT!$B$9)=TRIM(I7),1,0)+IF(OR(TRIM(INPUT!$B$10)=TRIM(J7),AND(TRIM(INPUT!$B$10)="L/R",OR(TRIM(J7)="L",TRIM(J7)="R",TRIM(J7)="L/R"))),1,0))/4))) -> 18.75 | W7: =IF(V7="","",IF(AND(TRIM(B7)=TRIM(INPUT!$B$2),TRIM(C7)=TRIM(INPUT!$B$3)),V7,V7*0.4)) -> 7.5 | X7: =IFERROR(W7*1,0) -> 7.5
A8: =B8&"_"&N8&"_"&C8&D8&E8&F8&G8&H8&I8&J8&K8&L8&M8 -> 시니어클럽_김해 2차_일자320024002350CCRR1000700320 | B8: 시니어클럽 | C8: 일자 | D8: 3200 | E8: 2400 | F8: 2350 | G8: C | H8: C | I8: R | J8: R | K8: 1000 | L8: 700 | M8: 320 | N8: 김해 2차 | O8: O | P8: 아스펜글로우 | Q8: O | R8: O | S8: O | T8: X | U8: 공간/동선 최적화 | V8: =IF(OR(INPUT!$B$2="",INPUT!$B$3="",INPUT!$B$4="",INPUT!$B$5="",INPUT!$B$6=""),"",(30*IF(TRIM(INPUT!$B$2)=TRIM(B8),1,0)+20*IF(TRIM(INPUT!$B$3)=TRIM(C8),1,0)+25*MAX(0,1-((ABS(IFERROR(VALUE(TRIM(D8)),0)-IFERROR(VALUE(TRIM(INPUT!$B$4)),0))/MAX(1,IFERROR(VALUE(TRIM(INPUT!$B$4)),0))+ABS(IFERROR(VALUE(TRIM(E8)),0)-IFERROR(VALUE(TRIM(INPUT!$B$5)),0))/MAX(1,IFERROR(VALUE(TRIM(INPUT!$B$5)),0))+ABS(IFERROR(VALUE(TRIM(F8)),0)-IFERROR(VALUE(TRIM(INPUT!$B$6)),0))/MAX(1,IFERROR(VALUE(TRIM(INPUT!$B$6)),0)))/3))+25*((IF(TRIM(INPUT!$B$7)=TRIM(G8),1,0)+IF(TRIM(INPUT!$B$8)=TRIM(H8),1,0)+IF(TRIM(INPUT!$B$9)=TRIM(I8),1,0)+IF(OR(TRIM(INPUT!$B$10)=TRIM(J8),AND(TRIM(INPUT!$B$10)="L/R",OR(TRIM(J8)="L",TRIM(J8)="R",TRIM(J8)="L/R"))),1,0))/4))) -> 38.75 | W8: =IF(V8="","",IF(AND(TRIM(B8)=TRIM(INPUT!$B$2),TRIM(C8)=TRIM(INPUT!$B$3)),V8,V8*0.4)) -> 15.5 | X8: =IFERROR(W8*1,0) -> 15.5
A9: =B9&"_"&N9&"_"&C9&D9&E9&F9&G9&H9&I9&J9&K9&L9&M9 -> 시니어클럽_김해구산 푸르지오_ㄱ자487035702420CCRR1050700320 | B9: 시니어클럽 | C9: ㄱ자 | D9: 4870 | E9: 3570 | F9: 2420 | G9: C | H9: C | I9: R | J9: R | K9: 1050 | L9: 700 | M9: 320 | N9: 김해구산 푸르지오 | O9: O | P9: 아스펜글로우 | Q9: O | R9: O | S9: O | T9: O | U9: 공간/동선 최적화 | V9: =IF(OR(INPUT!$B$2="",INPUT!$B$3="",INPUT!$B$4="",INPUT!$B$5="",INPUT!$B$6=""),"",(30*IF(TRIM(INPUT!$B$2)=TRIM(B9),1,0)+20*IF(TRIM(INPUT!$B$3)=TRIM(C9),1,0)+25*MAX(0,1-((ABS(IFERROR(VALUE(TRIM(D9)),0)-IFERROR(VALUE(TRIM(INPUT!$B$4)),0))/MAX(1,IFERROR(VALUE(TRIM(INPUT!$B$4)),0))+ABS(IFERROR(VALUE(TRIM(E9)),0)-IFERROR(VALUE(TRIM(INPUT!$B$5)),0))/MAX(1,IFERROR(VALUE(TRIM(INPUT!$B$5)),0))+ABS(IFERROR(VALUE(TRIM(F9)),0)-IFERROR(VALUE(TRIM(INPUT!$B$6)),0))/MAX(1,IFERROR(VALUE(TRIM(INPUT!$B$6)),0)))/3))+25*((IF(TRIM(INPUT!$B$7)=TRIM(G9),1,0)+IF(TRIM(INPUT!$B$8)=TRIM(H9),1,0)+IF(TRIM(INPUT!$B$9)=TRIM(I9),1,0)+IF(OR(TRIM(INPUT!$B$10)=TRIM(J9),AND(TRIM(INPUT!$B$10)="L/R",OR(TRIM(J9)="L",TRIM(J9)="R",TRIM(J9)="L/R"))),1,0))/4))) -> 18.75 | W9: =IF(V9="","",IF(AND(TRIM(B9)=TRIM(INPUT!$B$2),TRIM(C9)=TRIM(INPUT!$B$3)),V9,V9*0.4)) -> 7.5 | X9: =IFERROR(W9*1,0) -> 7.5
A10: =B10&"_"&N10&"_"&C10&D10&E10&F10&G10&H10&I10&J10&K10&L10&M10 -> 시니어클럽_다산 진건_일자36907002320CCRR1050700320 | B10: 시니어클럽 | C10: 일자 | D10: 3690 | E10: 700 | F10: 2320 | G10: C | H10: C | I10: R | J10: R | K10: 1050 | L10: 700 | M10: 320 | N10: 다산 진건 | O10: O | P10: 아스펜글로우 | Q10: O | R10: O | S10: O | T10: X | U10: 공간/동선 최적화 | V10: =IF(OR(INPUT!$B$2="",INPUT!$B$3="",INPUT!$B$4="",INPUT!$B$5="",INPUT!$B$6=""),"",(30*IF(TRIM(INPUT!$B$2)=TRIM(B10),1,0)+20*IF(TRIM(INPUT!$B$3)=TRIM(C10),1,0)+25*MAX(0,1-((ABS(IFERROR(VALUE(TRIM(D10)),0)-IFERROR(VALUE(TRIM(INPUT!$B$4)),0))/MAX(1,IFERROR(VALUE(TRIM(INPUT!$B$4)),0))+ABS(IFERROR(VALUE(TRIM(E10)),0)-IFERROR(VALUE(TRIM(INPUT!$B$5)),0))/MAX(1,IFERROR(VALUE(TRIM(INPUT!$B$5)),0))+ABS(IFERROR(VALUE(TRIM(F10)),0)-IFERROR(VALUE(TRIM(INPUT!$B$6)),0))/MAX(1,IFERROR(VALUE(TRIM(INPUT!$B$6)),0)))/3))+25*((IF(TRIM(INPUT!$B$7)=TRIM(G10),1,0)+IF(TRIM(INPUT!$B$8)=TRIM(H10),1,0)+IF(TRIM(INPUT!$B$9)=TRIM(I10),1,0)+IF(OR(TRIM(INPUT!$B$10)=TRIM(J10),AND(TRIM(INPUT!$B$10)="L/R",OR(TRIM(J10)="L",TRIM(J10)="R",TRIM(J10)="L/R"))),1,0))/4))) -> 45.879227 | W10: =IF(V10="","",IF(AND(TRIM(B10)=TRIM(INPUT!$B$2),TRIM(C10)=TRIM(INPUT!$B$3)),V10,V10*0.4)) -> 18.351691 | X10: =IFERROR(W10*1,0) -> 18.351691
A11: =B11&"_"&N11&"_"&C11&D11&E11&F11&G11&H11&I11&J11&K11&L11&M11 -> 시니어클럽_대구중앙로역_ㄱ자480523002520CCRR1050710320 | B11: 시니어클럽 | C11: ㄱ자 | D11: 4805 | E11: 2300 | F11: 2520 | G11: C | H11: C | I11: R | J11: R | K11: 1050 | L11: 710 | M11: 320 | N11: 대구중앙로역 | O11: O | P11: 아스펜글로우 | Q11: O | R11: O | S11: O | T11: X | U11: 공간/동선 최적화 | V11: =IF(OR(INPUT!$B$2="",INPUT!$B$3="",INPUT!$B$4="",INPUT!$B$5="",INPUT!$B$6=""),"",(30*IF(TRIM(INPUT!$B$2)=TRIM(B11),1,0)+20*IF(TRIM(INPUT!$B$3)=TRIM(C11),1,0)+25*MAX(0,1-((ABS(IFERROR(VALUE(TRIM(D11)),0)-IFERROR(VALUE(TRIM(INPUT!$B$4)),0))/MAX(1,IFERROR(VALUE(TRIM(INPUT!$B$4)),0))+ABS(IFERROR(VALUE(TRIM(E11)),0)-IFERROR(VALUE(TRIM(INPUT!$B$5)),0))/MAX(1,IFERROR(VALUE(TRIM(INPUT!$B$5)),0))+ABS(IFERROR(VALUE(TRIM(F11)),0)-IFERROR(VALUE(TRIM(INPUT!$B$6)),0))/MAX(1,IFERROR(VALUE(TRIM(INPUT!$B$6)),0)))/3))+25*((IF(TRIM(INPUT!$B$7)=TRIM(G11),1,0)+IF(TRIM(INPUT!$B$8)=TRIM(H11),1,0)+IF(TRIM(INPUT!$B$9)=TRIM(I11),1,0)+IF(OR(TRIM(INPUT!$B$10)=TRIM(J11),AND(TRIM(INPUT!$B$10)="L/R",OR(TRIM(J11)="L",TRIM(J11)="R",TRIM(J11)="L/R"))),1,0))/4))) -> 18.75 | W11: =IF(V11="","",IF(AND(TRIM(B11)=TRIM(INPUT!$B$2),TRIM(C11)=TRIM(INPUT!$B$3)),V11,V11*0.4)) -> 7.5 | X11: =IFERROR(W11*1,0) -> 7.5
A12: =B12&"_"&N12&"_"&C12&D12&E12&F12&G12&H12&I12&J12&K12&L12&M12 -> 시니어클럽_상인 푸르지오_일자2280700690CCRR1050700320 | B12: 시니어클럽 | C12: 일자 | D12: 2280 | E12: 700 | F12: 690 | G12: C | H12: C | I12: R | J12: R | K12: 1050 | L12: 700 | M12: 320 | N12: 상인 푸르지오 | O12: O | P12: 아스펜글로우 | Q12: O | R12: O | S12: O | T12: X | U12: 공간/동선 최적화 | V12: =IF(OR(INPUT!$B$2="",INPUT!$B$3="",INPUT!$B$4="",INPUT!$B$5="",INPUT!$B$6=""),"",(30*IF(TRIM(INPUT!$B$2)=TRIM(B12),1,0)+20*IF(TRIM(INPUT!$B$3)=TRIM(C12),1,0)+25*MAX(0,1-((ABS(IFERROR(VALUE(TRIM(D12)),0)-IFERROR(VALUE(TRIM(INPUT!$B$4)),0))/MAX(1,IFERROR(VALUE(TRIM(INPUT!$B$4)),0))+ABS(IFERROR(VALUE(TRIM(E12)),0)-IFERROR(VALUE(TRIM(INPUT!$B$5)),0))/MAX(1,IFERROR(VALUE(TRIM(INPUT!$B$5)),0))+ABS(IFERROR(VALUE(TRIM(F12)),0)-IFERROR(VALUE(TRIM(INPUT!$B$6)),0))/MAX(1,IFERROR(VALUE(TRIM(INPUT!$B$6)),0)))/3))+25*((IF(TRIM(INPUT!$B$7)=TRIM(G12),1,0)+IF(TRIM(INPUT!$B$8)=TRIM(H12),1,0)+IF(TRIM(INPUT!$B$9)=TRIM(I12),1,0)+IF(OR(TRIM(INPUT!$B$10)=TRIM(J12),AND(TRIM(INPUT!$B$10)="L/R",OR(TRIM(J12)="L",TRIM(J12)="R",TRIM(J12)="L/R"))),1,0))/4))) -> 60.483394 | W12: =IF(V12="","",IF(AND(TRIM(B12)=TRIM(INPUT!$B$2),TRIM(C12)=TRIM(INPUT!$B$3)),V12,V12*0.4)) -> 24.193357 | X12: =IFERROR(W12*1,0) -> 24.193357
A13: =B13&"_"&N13&"_"&C13&D13&E13&F13&G13&H13&I13&J13&K13&L13&M13 -> 시니어클럽_서울벤처타운역_ㄱ자396034602420CCRR1050700320 | B13: 시니어클럽 | C13: ㄱ자 | D13: 3960 | E13: 3460 | F13: 2420 | G13: C | H13: C | I13: R | J13: R | K13: 1050 | L13: 700 | M13: 320 | N13: 서울벤처타운역 | O13: O | P13: 아스펜글로우 | Q13: O | R13: O | S13: O | T13: O | U13: 설비/빌트인 연계 | V13: =IF(OR(INPUT!$B$2="",INPUT!$B$3="",INPUT!$B$4="",INPUT!$B$5="",INPUT!$B$6=""),"",(30*IF(TRIM(INPUT!$B$2)=TRIM(B13),1,0)+20*IF(TRIM(INPUT!$B$3)=TRIM(C13),1,0)+25*MAX(0,1-((ABS(IFERROR(VALUE(TRIM(D13)),0)-IFERROR(VALUE(TRIM(INPUT!$B$4)),0))/MAX(1,IFERROR(VALUE(TRIM(INPUT!$B$4)),0))+ABS(IFERROR(VALUE(TRIM(E13)),0)-IFERROR(VALUE(TRIM(INPUT!$B$5)),0))/MAX(1,IFERROR(VALUE(TRIM(INPUT!$B$5)),0))+ABS(IFERROR(VALUE(TRIM(F13)),0)-IFERROR(VALUE(TRIM(INPUT!$B$6)),0))/MAX(1,IFERROR(VALUE(TRIM(INPUT!$B$6)),0)))/3))+25*((IF(TRIM(INPUT!$B$7)=TRIM(G13),1,0)+IF(TRIM(INPUT!$B$8)=TRIM(H13),1,0)+IF(TRIM(INPUT!$B$9)=TRIM(I13),1,0)+IF(OR(TRIM(INPUT!$B$10)=TRIM(J13),AND(TRIM(INPUT!$B$10)="L/R",OR(TRIM(J13)="L",TRIM(J13)="R",TRIM(J13)="L/R"))),1,0))/4))) -> 18.75 | W13: =IF(V13="","",IF(AND(TRIM(B13)=TRIM(INPUT!$B$2),TRIM(C13)=TRIM(INPUT!$B$3)),V13,V13*0.4)) -> 7.5 | X13: =IFERROR(W13*1,0) -> 7.5
... A41: =B41&"_"&N41&"_"&C41&D41&E41&F41&G41&H41&I41&J41&K41&L41&M41 -> 탕비실_과천 지식정보타운_ㄱ자243014602695XCXC820590320 | B41: 탕비실 | C41: ㄱ자 | D41: 2430 | E41: 1460 | F41: 2695 | G41: X | H41: C | I41: X | J41: C | K41: 820 | L41: 590 | M41: 320 | N41: 과천 지식정보타운 | O41: X | P41: 아스펜글로우 | Q41: X | R41: X | S41: X | T41: X | U41: 코너 기능형 | V41: =IF(OR(INPUT!$B$2="",INPUT!$B$3="",INPUT!$B$4="",INPUT!$B$5="",INPUT!$B$6=""),"",(30*IF(TRIM(INPUT!$B$2)=TRIM(B41),1,0)+20*IF(TRIM(INPUT!$B$3)=TRIM(C41),1,0)+25*MAX(0,1-((ABS(IFERROR(VALUE(TRIM(D41)),0)-IFERROR(VALUE(TRIM(INPUT!$B$4)),0))/MAX(1,IFERROR(VALUE(TRIM(INPUT!$B$4)),0))+ABS(IFERROR(VALUE(TRIM(E41)),0)-IFERROR(VALUE(TRIM(INPUT!$B$5)),0))/MAX(1,IFERROR(VALUE(TRIM(INPUT!$B$5)),0))+ABS(IFERROR(VALUE(TRIM(F41)),0)-IFERROR(VALUE(TRIM(INPUT!$B$6)),0))/MAX(1,IFERROR(VALUE(TRIM(INPUT!$B$6)),0)))/3))+25*((IF(TRIM(INPUT!$B$7)=TRIM(G41),1,0)+IF(TRIM(INPUT!$B$8)=TRIM(H41),1,0)+IF(TRIM(INPUT!$B$9)=TRIM(I41),1,0)+IF(OR(TRIM(INPUT!$B$10)=TRIM(J41),AND(TRIM(INPUT!$B$10)="L/R",OR(TRIM(J41)="L",TRIM(J41)="R",TRIM(J41)="L/R"))),1,0))/4))) -> 6.25 | W41: =IF(V41="","",IF(AND(TRIM(B41)=TRIM(INPUT!$B$2),TRIM(C41)=TRIM(INPUT!$B$3)),V41,V41*0.4)) -> 2.5 | X41: =IFERROR(W41*1,0) -> 2.5
A42: =B42&"_"&N42&"_"&C42&D42&E42&F42&G42&H42&I42&J42&K42&L42&M42 -> 탕비실_연희공원 라끌레르 1)_일자18306002400CCXC900590320 | B42: 탕비실 | C42: 일자 | D42: 1830 | E42: 600 | F42: 2400 | G42: C | H42: C | I42: X | J42: C | K42: 900 | L42: 590 | M42: 320 | N42: 연희공원 라끌레르 1) | O42: O | P42: 아스펜글로우 | Q42: O | R42: X | S42: X | T42: X | U42: 시공규칙/지장물 | V42: =IF(OR(INPUT!$B$2="",INPUT!$B$3="",INPUT!$B$4="",INPUT!$B$5="",INPUT!$B$6=""),"",(30*IF(TRIM(INPUT!$B$2)=TRIM(B42),1,0)+20*IF(TRIM(INPUT!$B$3)=TRIM(C42),1,0)+25*MAX(0,1-((ABS(IFERROR(VALUE(TRIM(D42)),0)-IFERROR(VALUE(TRIM(INPUT!$B$4)),0))/MAX(1,IFERROR(VALUE(TRIM(INPUT!$B$4)),0))+ABS(IFERROR(VALUE(TRIM(E42)),0)-IFERROR(VALUE(TRIM(INPUT!$B$5)),0))/MAX(1,IFERROR(VALUE(TRIM(INPUT!$B$5)),0))+ABS(IFERROR(VALUE(TRIM(F42)),0)-IFERROR(VALUE(TRIM(INPUT!$B$6)),0))/MAX(1,IFERROR(VALUE(TRIM(INPUT!$B$6)),0)))/3))+25*((IF(TRIM(INPUT!$B$7)=TRIM(G42),1,0)+IF(TRIM(INPUT!$B$8)=TRIM(H42),1,0)+IF(TRIM(INPUT!$B$9)=TRIM(I42),1,0)+IF(OR(TRIM(INPUT!$B$10)=TRIM(J42),AND(TRIM(INPUT!$B$10)="L/R",OR(TRIM(J42)="L",TRIM(J42)="R",TRIM(J42)="L/R"))),1,0))/4))) -> 36.496377 | W42: =IF(V42="","",IF(AND(TRIM(B42)=TRIM(INPUT!$B$2),TRIM(C42)=TRIM(INPUT!$B$3)),V42,V42*0.4)) -> 14.598551 | X42: =IFERROR(W42*1,0) -> 14.598551
A43: =B43&"_"&N43&"_"&C43&D43&E43&F43&G43&H43&I43&J43&K43&L43&M43 -> 탕비실_연희공원 라끌레르 2)_ㄱ자197512952700XCXC850590320 | B43: 탕비실 | C43: ㄱ자 | D43: 1975 | E43: 1295 | F43: 2700 | G43: X | H43: C | I43: X | J43: C | K43: 850 | L43: 590 | M43: 320 | N43: 연희공원 라끌레르 2) | O43: O | P43: 아스펜글로우 | Q43: X | R43: X | S43: X | T43: X | U43: 코너 기능형 | V43: =IF(OR(INPUT!$B$2="",INPUT!$B$3="",INPUT!$B$4="",INPUT!$B$5="",INPUT!$B$6=""),"",(30*IF(TRIM(INPUT!$B$2)=TRIM(B43),1,0)+20*IF(TRIM(INPUT!$B$3)=TRIM(C43),1,0)+25*MAX(0,1-((ABS(IFERROR(VALUE(TRIM(D43)),0)-IFERROR(VALUE(TRIM(INPUT!$B$4)),0))/MAX(1,IFERROR(VALUE(TRIM(INPUT!$B$4)),0))+ABS(IFERROR(VALUE(TRIM(E43)),0)-IFERROR(VALUE(TRIM(INPUT!$B$5)),0))/MAX(1,IFERROR(VALUE(TRIM(INPUT!$B$5)),0))+ABS(IFERROR(VALUE(TRIM(F43)),0)-IFERROR(VALUE(TRIM(INPUT!$B$6)),0))/MAX(1,IFERROR(VALUE(TRIM(INPUT!$B$6)),0)))/3))+25*((IF(TRIM(INPUT!$B$7)=TRIM(G43),1,0)+IF(TRIM(INPUT!$B$8)=TRIM(H43),1,0)+IF(TRIM(INPUT!$B$9)=TRIM(I43),1,0)+IF(OR(TRIM(INPUT!$B$10)=TRIM(J43),AND(TRIM(INPUT!$B$10)="L/R",OR(TRIM(J43)="L",TRIM(J43)="R",TRIM(J43)="L/R"))),1,0))/4))) -> 6.25 | W43: =IF(V43="","",IF(AND(TRIM(B43)=TRIM(INPUT!$B$2),TRIM(C43)=TRIM(INPUT!$B$3)),V43,V43*0.4)) -> 2.5 | X43: =IFERROR(W43*1,0) -> 2.5

Sheet RULE
A1: Rule ID | B1: Rule ID | C1: 구분 | D1: 조건 설명 | E1: 조건식(논리) | F1: 처리 결과 | G1: 비고
A2: F-01 | B2: F-01 | C2: 사전차단 | D2: 공간 H 최소 기준 미달 | E2: 공간H < 900 | F2: 설계 불가 | G2: 상부장/설비 설치 불가
A3: F-02 | B3: F-02 | C3: 사전차단 | D3: 분배기 C + ㄱ자 + W 부족 | E3: 분배기=C AND 형태=ㄱ자 AND 공간W<3000 | F3: 설계 불가 | G3: 코너 동선 불가
A4: F-03 | B4: F-03 | C4: 사전차단 | D4: 가스 고정 + 설비 간섭 | E4: 가스=R AND 전기=C AND 수도=C | F4: 설계 불가 | G4: 안전 기준(예시)
A5: F-04 | B5: F-04 | C5: 사전차단 | D5: 유지관리 동선 미확보 | E5: 유지관리 접근 불가 | F5: 설계 불가 | G5: 운영 리스크(예시)
A6: V-01 | B6: V-01 | C6: 가변 | D6: 전기 위치 가변 | E6: 전기=L/R | F6: 복수안 유지 | G6: 병렬 설계
A7: S-01 | B7: S-01 | C7: 고정 | D7: 가스 위치 고정 | E7: 가스=L or R | F7: 화기 배치 고정 | G7: 안전 우선

Sheet OUTPUT
A1: 항목 | B1: 값 | C1: 도면 열기
A2: 설계 가능 여부 | B2: =IF(OR(INPUT!B2="",INPUT!B3="",INPUT!B4="",INPUT!B5="",INPUT!B6=""),"",IF(OR(INPUT!B6<900,AND(INPUT!B7="C",INPUT!B3="ㄱ자",INPUT!B4<3000),AND(INPUT!B9="R",INPUT!B10="C",INPUT!B8="C")),"불가","가능")) -> 불가
A3: 불가 사유(우선) | B3: =IF(B2<>"불가","",IF(INPUT!B6<900,"공간 높이(H) 최소 기준 미달(900 미만)",IF(AND(INPUT!B7="C",INPUT!B3="ㄱ자",INPUT!B4<3000),"분배기 C 고정 + ㄱ자 + 공간W 부족(3000 미만)",IF(AND(INPUT!B9="R",INPUT!B10="C",INPUT!B8="C"),"가스(R) 고정 + 전기(C)·수도(C) 간섭 위험(사전차단)","기타 사전차단 조건")))) -> 공간 높이(H) 최소 기준 미달(900 미만)
A4: 불가 사유(전체) | B4: =IF(B2<>"불가","",TRIM(IF(INPUT!B6<900,"F-01 공간H 미달; ","")&IF(AND(INPUT!B7="C",INPUT!B3="ㄱ자",INPUT!B4<3000),"F-02 분배기C+ㄱ자+W부족; ","")&IF(AND(INPUT!B9="R",INPUT!B10="C",INPUT!B8="C"),"F-03 가스R+전기C+수도C; ",""))) -> F-01 공간H 미달;
A5: 가변 조건 안내 | B5: =TRIM(IF(INPUT!B10="L/R","V-01 전기 위치 가변 → 복수안 유지; ","")&IF(INPUT!B8="L/R","V-02 수도 위치 가변 → 복수안 유지; ","")) -> V-01 전기 위치 가변 → 복수안 유지;
A6: 추천 TOP1 Key | B6: =IF(MAX(DB!$X$2:$X$2000)=0,"",INDEX(DB!$A$2:$A$2000,MATCH(MAX(DB!$X$2:$X$2000),DB!$X$2:$X$2000,0))) -> 돌봄센터_김해구산 푸르지오_일자2745600690XCXC900610320 | C6: =HYPERLINK( "C:\Users\ttyl8\OneDrive\a밸류마크TWO\(주)나나플러스홈\연구서운영관리\AI관련 벤처\싱크대 도면 - Key\" & IF(RIGHT(TRIM(B6),4)=".pdf",TRIM(B6),TRIM(B6)&".pdf"), "도면(PDF) 열기" ) -> 도면(PDF) 열기
A7: 추천 TOP2 Key | B7: =IF(COUNTIF(DB!$X$2:$X$2000,">0")<2,"",INDEX(DB!$A$2:$A$2000,MATCH(LARGE(DB!$X$2:$X$2000,2),DB!$X$2:$X$2000,0))) -> 돌봄센터_다산 진건_일자32106902420CCXC900600320 | C7: =HYPERLINK( "C:\Users\ttyl8\OneDrive\a밸류마크TWO\(주)나나플러스홈\연구서운영관리\AI관련 벤처\싱크대 도면 - Key\" & IF(RIGHT(TRIM(B7),4)=".pdf",TRIM(B7),TRIM(B7)&".pdf"), "도면(PDF) 열기" ) -> 도면(PDF) 열기
A8: 추천 TOP3 Key | B8: =IF(COUNTIF(DB!$X$2:$X$2000,">0")<3,"",INDEX(DB!$A$2:$A$2000,MATCH(LARGE(DB!$X$2:$X$2000,3),DB!$X$2:$X$2000,0))) -> 돌봄센터_에코델타시티_일자30056002420CCRC900600320 | C8: =HYPERLINK( "C:\Users\ttyl8\OneDrive\a밸류마크TWO\(주)나나플러스홈\연구서운영관리\AI관련 벤처\싱크대 도면 - Key\" & IF(RIGHT(TRIM(B8),4)=".pdf",TRIM(B8),TRIM(B8)&".pdf"), "도면(PDF) 열기" ) -> 도면(PDF) 열기
A9: 추천 출력 모드 | B9: 불가여도 대안 추천
A30: (DEBUG) Max MatchScore | B30: =MAX(DB!$X$2:$X$2000) -> 78.308877
A31: (DEBUG) Count MatchScore>0 | B31: =COUNTIF(DB!$X$2:$X$2000,">0") -> 42

Sheet ANALYSIS_202607
A1: DB Summary (July 2026)
A2: Counts by Facility(시설구분) and Shape(형태)
A4: Facility | B4: ㄱ자 | C4: ㄷ자 | D4: 일자
A5: 돌봄센터 | B5: 0 | C5: 0 | D5: 5
A6: 시니어클럽 | B6: 8 | C6: 1 | D6: 5
A7: 어린이집 | B7: 10 | C7: 0 | D7: 1
A8: 용역원실 | B8: 0 | C8: 0 | D8: 1
A9: 탕비실 | B9: 2 | C9: 0 | D9: 9
A12: Boundary/Rule Coverage Check
A13: Metric | B13: Count
A14: H<900 (Rule F-01 trigger candidates) | B14: 3
A15: W<3000 and Dist=C and Shape=ㄱ자 (Rule F-02 candidates) | B15: 3
A16: Gas=R & Elec=C & Water=C (Rule F-03 candidates) | B16: 3

Sheet TEST_RESULTS_202607
A1: ScenarioID | B1: Facility | C1: Shape | D1: W | E1: D | F1: H | G1: Dist | H1: Water | I1: Gas | J1: Elec | K1: Feasible | L1: PrimaryReason | M1: Top1 | N1: Top2 | O1: Top3 | Q1: Note
A2: S1 | B2: 돌봄센터 | C2: 일자 | D2: 3400 | E2: 2500 | F2: 2750 | G2: C | H2: R | I2: C | J2: L | K2: 가능 | Q2: Top1~Top3는 시나리오 입력 후 OUTPUT에서 복사/값붙여넣기 방식으로 기록(순환참조 방지).
A3: S2 | B3: 돌봄센터 | C3: 일자 | D3: 3400 | E3: 2500 | F3: 800 | G3: C | H3: R | I3: C | J3: L | K3: 불가 | L3: F-01 공간H 미달(900 미만)
A4: S3 | B4: 시니어클럽 | C4: ㄱ자 | D4: 2800 | E4: 2400 | F4: 2420 | G4: C | H4: C | I4: R | J4: R | K4: 불가 | L4: F-02 분배기=C & ㄱ자 & W<3000
A5: S4 | B5: 어린이집 | C5: ㄱ자 | D5: 3800 | E5: 2450 | F5: 2420 | G5: C | H5: C | I5: R | J5: L/R | K5: 가능 | L5: V-01 전기 위치 가변(복수안)
A6: S5 | B6: 시니어클럽 | C6: ㄱ자 | D6: 4315 | E6: 2390 | F6: 2400 | G6: C | H6: C | I6: R | J6: C | K6: 불가 | L6: F-03 가스·전기·수도 간섭 조합

Sheet CAPTURE_GUIDE
A1: Capture Guide (for Research Note)
A2: 1) INPUT capture range: INPUT!A1:B11 (입력값 표)
A3: 2) OUTPUT capture range: OUTPUT!A1:B12 (판단/추천 결과)
A4: 3) DB Score capture range: DB!A1:X43 (DB+Score+MatchScore)
A5: 4) Rule table capture range: RULE!A1:C20 (Rule 정의)
A6: 5) July test result table: TEST_RESULTS_202607!A1:O10 (시나리오별 결과)

Sheet ANALYSIS_202608
A1: 8월 분석(DB 분포·Rule 커버리지·로그 지표)
A3: 1) 시설구분×형태 분포(현재 DB 기준)
A4: 시설구분/형태 | B4: 일자 | C4: ㄱ자 | D4: ㄷ자
A5: 돌봄센터 | B5: =COUNTIFS(DB!$B:$B,"돌봄센터",DB!$C:$C,"일자") -> 5 | C5: =COUNTIFS(DB!$B:$B,"돌봄센터",DB!$C:$C,"ㄱ자") -> 0 | D5: =COUNTIFS(DB!$B:$B,"돌봄센터",DB!$C:$C,"ㄷ자") -> 0
A6: 시니어클럽 | B6: =COUNTIFS(DB!$B:$B,"시니어클럽",DB!$C:$C,"일자") -> 5 | C6: =COUNTIFS(DB!$B:$B,"시니어클럽",DB!$C:$C,"ㄱ자") -> 8 | D6: =COUNTIFS(DB!$B:$B,"시니어클럽",DB!$C:$C,"ㄷ자") -> 1
A7: 어린이집 | B7: =COUNTIFS(DB!$B:$B,"어린이집",DB!$C:$C,"일자") -> 1 | C7: =COUNTIFS(DB!$B:$B,"어린이집",DB!$C:$C,"ㄱ자") -> 10 | D7: =COUNTIFS(DB!$B:$B,"어린이집",DB!$C:$C,"ㄷ자") -> 0
A8: 용역원실 | B8: =COUNTIFS(DB!$B:$B,"용역원실",DB!$C:$C,"일자") -> 1 | C8: =COUNTIFS(DB!$B:$B,"용역원실",DB!$C:$C,"ㄱ자") -> 0 | D8: =COUNTIFS(DB!$B:$B,"용역원실",DB!$C:$C,"ㄷ자") -> 0
A9: 탕비실 | B9: =COUNTIFS(DB!$B:$B,"탕비실",DB!$C:$C,"일자") -> 9 | C9: =COUNTIFS(DB!$B:$B,"탕비실",DB!$C:$C,"ㄱ자") -> 2 | D9: =COUNTIFS(DB!$B:$B,"탕비실",DB!$C:$C,"ㄷ자") -> 0
A12: 2) Rule 후보 커버리지(현재 DB 내 후보 건수)
A13: Rule | B13: 조건식 | C13: 후보 건수
A14: F-01 | B14: 공간H<900 | C14: =COUNTIF(DB!$F:$F,"<900") -> 3
A15: F-02 | B15: 분배기=C AND 형태=ㄱ자 AND 공간W<3000 | C15: =COUNTIFS(DB!$G:$G,"C",DB!$C:$C,"ㄱ자",DB!$D:$D,"<3000") -> 3
A16: F-03 | B16: 가스=R AND 전기=C AND 수도=C | C16: =COUNTIFS(DB!$I:$I,"R",DB!$J:$J,"C",DB!$H:$H,"C") -> 3

Sheet LOG_202608
A1: 8월 입력 로그(반복 입력·추천 결과 기록용)
A3: ※ 사용법: (1) INPUT에 값 입력 → (2) OUTPUT 결과 확인 → (3) 아래 로그에 값 붙여넣기(값)로 기록함. (순환참조 방지)
A5: LogID | B5: Date | C5: 시설구분 | D5: 형태 | E5: 공간W | F5: 공간D | G5: 공간H | H5: 분배기 | I5: 수도 | J5: 가스 | K5: 전기 | L5: 설계가능 | M5: 불가사유(우선) | N5: 가변안내 | O5: Top1 Key | P5: Top2 Key | Q5: Top3 Key | R5: GroupKey
A6: =IF(COUNTA(C6:K6)=0,"","L"&TEXT(ROW()-5,"000")) | R6: =IF(COUNTA(C6:K6)=0,"",C6&"_"&D6&"_"&E6&"_"&F6&"_"&G6&"_"&H6&"_"&I6&"_"&J6&"_"&K6)
A7: =IF(COUNTA(C7:K7)=0,"","L"&TEXT(ROW()-5,"000")) | R7: =IF(COUNTA(C7:K7)=0,"",C7&"_"&D7&"_"&E7&"_"&F7&"_"&G7&"_"&H7&"_"&I7&"_"&J7&"_"&K7)
A8: =IF(COUNTA(C8:K8)=0,"","L"&TEXT(ROW()-5,"000")) | R8: =IF(COUNTA(C8:K8)=0,"",C8&"_"&D8&"_"&E8&"_"&F8&"_"&G8&"_"&H8&"_"&I8&"_"&J8&"_"&K8)
A9: =IF(COUNTA(C9:K9)=0,"","L"&TEXT(ROW()-5,"000")) | R9: =IF(COUNTA(C9:K9)=0,"",C9&"_"&D9&"_"&E9&"_"&F9&"_"&G9&"_"&H9&"_"&I9&"_"&J9&"_"&K9)
A10: =IF(COUNTA(C10:K10)=0,"","L"&TEXT(ROW()-5,"000")) | R10: =IF(COUNTA(C10:K10)=0,"",C10&"_"&D10&"_"&E10&"_"&F10&"_"&G10&"_"&H10&"_"&I10&"_"&J10&"_"&K10)
A11: =IF(COUNTA(C11:K11)=0,"","L"&TEXT(ROW()-5,"000")) | R11: =IF(COUNTA(C11:K11)=0,"",C11&"_"&D11&"_"&E11&"_"&F11&"_"&G11&"_"&H11&"_"&I11&"_"&J11&"_"&K11)
A12: =IF(COUNTA(C12:K12)=0,"","L"&TEXT(ROW()-5,"000")) | R12: =IF(COUNTA(C12:K12)=0,"",C12&"_"&D12&"_"&E12&"_"&F12&"_"&G12&"_"&H12&"_"&I12&"_"&J12&"_"&K12)
A13: =IF(COUNTA(C13:K13)=0,"","L"&TEXT(ROW()-5,"000")) | R13: =IF(COUNTA(C13:K13)=0,"",C13&"_"&D13&"_"&E13&"_"&F13&"_"&G13&"_"&H13&"_"&I13&"_"&J13&"_"&K13)
A14: =IF(COUNTA(C14:K14)=0,"","L"&TEXT(ROW()-5,"000")) | R14: =IF(COUNTA(C14:K14)=0,"",C14&"_"&D14&"_"&E14&"_"&F14&"_"&G14&"_"&H14&"_"&I14&"_"&J14&"_"&K14)
A15: =IF(COUNTA(C15:K15)=0,"","L"&TEXT(ROW()-5,"000")) | R15: =IF(COUNTA(C15:K15)=0,"",C15&"_"&D15&"_"&E15&"_"&F15&"_"&G15&"_"&H15&"_"&I15&"_"&J15&"_"&K15)
A16: =IF(COUNTA(C16:K16)=0,"","L"&TEXT(ROW()-5,"000")) | R16: =IF(COUNTA(C16:K16)=0,"",C16&"_"&D16&"_"&E16&"_"&F16&"_"&G16&"_"&H16&"_"&I16&"_"&J16&"_"&K16)
A17: =IF(COUNTA(C17:K17)=0,"","L"&TEXT(ROW()-5,"000")) | R17: =IF(COUNTA(C17:K17)=0,"",C17&"_"&D17&"_"&E17&"_"&F17&"_"&G17&"_"&H17&"_"&I17&"_"&J17&"_"&K17)
... A55: =IF(COUNTA(C55:K55)=0,"","L"&TEXT(ROW()-5,"000")) | R55: =IF(COUNTA(C55:K55)=0,"",C55&"_"&D55&"_"&E55&"_"&F55&"_"&G55&"_"&H55&"_"&I55&"_"&J55&"_"&K55)

Sheet METRICS_202608
A1: 8월 추천 신뢰도 지표(로그 기반)
A3: 1) Top1 유지율(동일 입력군별) | F3: 2) Rule 일관성(가능/불가/가변 재현율)
A4: 입력군 Key(시설+형태+W+D+H+설비) | B4: 총 로그수 | C4: Top1 최빈값 빈도 | D4: Top1 유지율 | F4: 항목 | G4: 정의 | H4: 계산(로그)
B5: =IF($A5="","",COUNTIF(LOG_202608!$R:$R,$A5)) | D5: =IF(OR($A5="",B5=0,C5=""),"",C5/B5) | F5: 가능 비율 | G5: 설계가능=가능 / 전체 | H5: =IF(COUNTA(LOG_202608!$L$6:$L$200)=0,"",COUNTIF(LOG_202608!$L$6:$L$200,"가능")/COUNTA(LOG_202608!$L$6:$L$200))
B6: =IF($A6="","",COUNTIF(LOG_202608!$R:$R,$A6)) | D6: =IF(OR($A6="",B6=0,C6=""),"",C6/B6) | F6: 불가 비율 | G6: 설계가능=불가 / 전체 | H6: =IF(COUNTA(LOG_202608!$L$6:$L$200)=0,"",COUNTIF(LOG_202608!$L$6:$L$200,"불가")/COUNTA(LOG_202608!$L$6:$L$200))
B7: =IF($A7="","",COUNTIF(LOG_202608!$R:$R,$A7)) | D7: =IF(OR($A7="",B7=0,C7=""),"",C7/B7) | F7: 가변 발생 비율 | G7: 가변안내<>공란 / 전체 | H7: =IF(COUNTA(LOG_202608!$N$6:$N$200)=0,"",COUNTIF(LOG_202608!$N$6:$N$200,"<>")/COUNTA(LOG_202608!$L$6:$L$200))
B8: =IF($A8="","",COUNTIF(LOG_202608!$R:$R,$A8)) | D8: =IF(OR($A8="",B8=0,C8=""),"",C8/B8)
B9: =IF($A9="","",COUNTIF(LOG_202608!$R:$R,$A9)) | D9: =IF(OR($A9="",B9=0,C9=""),"",C9/B9)
B10: =IF($A10="","",COUNTIF(LOG_202608!$R:$R,$A10)) | D10: =IF(OR($A10="",B10=0,C10=""),"",C10/B10)
B11: =IF($A11="","",COUNTIF(LOG_202608!$R:$R,$A11)) | D11: =IF(OR($A11="",B11=0,C11=""),"",C11/B11)
B12: =IF($A12="","",COUNTIF(LOG_202608!$R:$R,$A12)) | D12: =IF(OR($A12="",B12=0,C12=""),"",C12/B12)
B13: =IF($A13="","",COUNTIF(LOG_202608!$R:$R,$A13)) | D13: =IF(OR($A13="",B13=0,C13=""),"",C13/B13)
B14: =IF($A14="","",COUNTIF(LOG_202608!$R:$R,$A14)) | D14: =IF(OR($A14="",B14=0,C14=""),"",C14/B14)
B15: =IF($A15="","",COUNTIF(LOG_202608!$R:$R,$A15)) | D15: =IF(OR($A15="",B15=0,C15=""),"",C15/B15)
B16: =IF($A16="","",COUNTIF(LOG_202608!$R:$R,$A16)) | D16: =IF(OR($A16="",B16=0,C16=""),"",C16/B16)
B17: =IF($A17="","",COUNTIF(LOG_202608!$R:$R,$A17)) | D17: =IF(OR($A17="",B17=0,C17=""),"",C17/B17)
B18: =IF($A18="","",COUNTIF(LOG_202608!$R:$R,$A18)) | D18: =IF(OR($A18="",B18=0,C18=""),"",C18/B18)
B19: =IF($A19="","",COUNTIF(LOG_202608!$R:$R,$A19)) | D19: =IF(OR($A19="",B19=0,C19=""),"",C19/B19)
... B25: =IF($A25="","",COUNTIF(LOG_202608!$R:$R,$A25)) | D25: =IF(OR($A25="",B25=0,C25=""),"",C25/B25)
